ID,Person
0,Abdi Sanae
1,Abel Valentin
2,Abercron Michael
3,Abraham Knut
4,Achelwilm Doris
5,Ackermann Jens
6,Adler Katja
7,Aeffner Stephanie
8,Aggelidis Grigorios
9,Ahmetovic Adis
10,Ahrendt Christian
11,Aigner Ilse
12,Akbulut Gökay
13,Aken Jan
14,Al-Dailami Ali
15,Al-Halak Muhanad
16,Alabali-Radovan Reem
17,Albani Stephan
18,Albsteiger Katrin
19,Alpers Agnes
20,Alt Renata
21,Altenkamp Norbert
22,Altmaier Peter
23,Amthor Philipp
24,Amtsberg Luise
25,Andreae Kerstin
26,Andres Dagmar
27,Annen Niels
28,Arlt Johannes
29,Arndt-Brauer Ingrid
30,Arnold Rainer
31,Aschenberg-Dugnus Christine
32,Audretsch Andreas
33,Auernhammer Artur
34,Aumer Peter
35,Außendorf Maik
36,Bach Bela
37,Bacherle Tobias
38,Bachmann Carolin
39,Badum Lisa
40,Baehrens Heike
41,Baerbock Annalena
42,Bahr Daniel
43,Bahr Ulrike
44,Baldy Daniel
45,Banaszak Felix
46,Baradari Nezahat
47,Barchmann Heinz-Joachim
48,Bareiß Thomas
49,Barley Katarina
50,Barnett Doris
51,Barrientos Simone
52,Bartels Hans-Peter
53,Bartelt Christian
54,Barthel Klaus
55,Barthle Norbert
56,Bartke Matthias
57,Bartol Sören
58,Bartsch Dietmar
59,Bartz Alexander
60,Bartz Julia
61,Bas Bärbel
62,Bauer Nicole
63,Baum Christina
64,Baumann Bernd
65,Baumann Günter
66,Bause Margarete
67,Bayaz Danyal
68,Bayram Canan
69,Beck Ernst-Reinhard
70,Beck Katharina
71,Beck Marieluise
72,Beck Volker
73,Beckamp Roger
74,Becker Dirk
75,Becker Holger
76,Beckmeyer Uwe
77,Beeck Jens
78,Beer Nicola
79,Beermann Maik
80,Behm Cornelia
81,Behrens Herbert
82,Behrens Manfred
83,Bellmann Veronika
84,Bender Birgitt
85,Benkstein Barbara
86,Benner Lukas
87,Benning Sybille
88,Berghahn Jürgen
89,Berghegger Andre
90,Bergner Christoph
91,Bergt Bengt
92,Bernhard Marc
93,Bernschneider Florian
94,Bernstein Melanie
95,Bernstiel Christoph
96,Bertram Ute
97,Beutin Lorenz
98,Beyer Peter
99,Biadacz Marc
100,Bilger Steffen
101,Binder Karin
102,Binding Lothar
103,Binninger Clemens
104,Birkwald Matthias
105,Blankenburg Jakob
106,Bleck Andreas
107,Bleser Peter
108,Blienert Burkhard
109,Bluhm Heidrun
110,Bluhm-Förster Heidrun
111,Blumenthal Sebastian
112,Bochmann Rene
113,Bockhahn Steffen
114,Bodtke Ingo
115,Boehringer Peter
116,Boginski Friedhelm
117,Bollmann Gerd
118,Bollmann Gereon
119,Borchardt Simone
120,Bosbach Wolfgang
121,Bracht-Bendt Nicole
122,Brackmann Norbert
123,Brand Michael
124,Brandenburg Jens
125,Brandenburg Mario
126,Brandes Dirk
127,Brandl Reinhard
128,Brandner Klaus
129,Brandner Stephan
130,Brandt Helmut
131,Brandt Michel
132,Brantner Franziska
133,Brase Willi
134,Brauksiepe Ralf
135,Braun Helge
136,Braun Jürgen
137,Brecht Eberhard
138,Breher Silvia
139,Brehm Sebastian
140,Brehmer Heike
141,Breil Klaus
142,Breilmann Michael
143,Breymaier Leni
144,Brinkhaus Ralph
145,Brinkmann Bernhard
146,Brodesser Carsten
147,Brugger Agnes
148,Brugger Agnieszka
149,Brunkhorst Angelika
150,Brunner Karl-Heinz
151,Brähmig Klaus
152,Bröhr Marlon
153,Brüderle Rainer
154,Bsirske Frank
155,Bubendorfer-Licht Sandra
156,Buchholz Christine
157,Budde Katrin
158,Bull-Bischoff Birke
159,Bulling-Schröter Eva
160,Bulmahn Edelgard
161,Bunge Martina
162,Burchardt Ulla
163,Burgbacher Ernst
164,Burkert Martin
165,Bury Yannick
166,Buschmann Marco
167,Busen Karlheinz
168,Bystron Petr
169,Bähr-Losse Bettina
170,Bär Dorothee
171,Bär Karl
172,Bätzing-Lichtenthäler Sabine
173,Bögel Claudia
174,Böhmer Maria
175,Börnsen Wolfgang
176,Bühl Marcus
177,Bülow Marco
178,Bünger Clara
179,Büttner Matthias
180,Cademartori Isabel
181,Caesar Cajus
182,Canel Sylvia
183,Castellucci Lars
184,Cezanne Jörg
185,Christmann Anna
186,Chrupalla Tino
187,Claus Roland
188,Connemann Gitta
189,Cotar Joana
190,Coße Jürgen
191,Cramon-Taubadel Viola
192,Crone Petra
193,Cronenberg Carl-Julius
194,Curio Gottfried
195,Czaja Mario
196,Dagdelen Sevim
197,Dahmen Janosch
198,Daldrup Bernhard
199,Damerow Astrid
200,Danckert Peter
201,Dassler Britta
202,Daub Helga
203,De Daniela
204,De Fabio
205,Dehm Diether
206,Deligöz Ekin
207,Demir Hakan
208,Detzer Sandra
209,Deutschmann Reiner
210,Diaby Karamba
211,Diedenhofen Martin
212,Dieren Jan
213,Dietz Thomas
214,Dilcher Esther
215,Dinges-Dierig Alexandra
216,Dittmar Sabine
217,Dittrich Heidrun
218,Djir-Sarai Bijan
219,Dobrindt Alexander
220,Domscheit-Berg Anke
221,Donth Michael
222,Dreibus Werner
223,Drexler Gerhard
224,Drobinski-Weiß Elvira
225,Droese Siegbert
226,Droßmann Falko
227,Dröge Katharina
228,Durz Hansjörg
229,Dyckmans Mechthild
230,Dörflinger Thomas
231,Döring Felix
232,Döring Patrick
233,Dörmann Martin
234,Dörner Katja
235,Dött Marie-Luise
236,Düring Deborah
237,Dürr Christian
238,Ebbing Hartmut
239,Eberl Iris
240,Ebner Harald
241,Echeverria Axel
242,Eckenbach Jutta
243,Eckert Leon
244,Edathy Sebastian
245,Edelhäußer Ralph
246,Egloff Ingo
247,Ehrenberg Hans-Werner
248,Ehrhorn Thomas
249,Ehrmann Siegmund
250,Eichwede Sonja
251,Elsner von Berengar
252,Emmerich Marcel
253,Engelhard Alexander
254,Engelhardt Heike
255,Engelmeier Michaela
256,Engelmeier-Heite Michaela
257,Englhardt-Kopf Martina
258,Enkelmann Dagmar
259,Erdel Rainer
260,Erler Gernot
261,Erndl Thomas
262,Ernst Klaus
263,Ernstberger Petra
264,Esdar Wiebke
265,Esken Saskia
266,Espendiller Michael
267,Essen Jörg
268,Evers-Meyer Karin
269,Faber Marcus
270,Fabritius Bernd
271,Fahimi Yasmin
272,Farle Robert
273,Fechner Johannes
274,Feiler Uwe
275,Feist Thomas
276,Felgentreu Fritz
277,Fell Hans-Josef
278,Felser Peter
279,Ferlemann Enak
280,Ferner Elke
281,Ferschl Susanne
282,Fester Emilia
283,Fiedler Sebastian
284,Finckh-Krämer Ute
285,Fischbach Ingrid
286,Fischer Axel
287,Fischer Dirk
288,Fischer Hartwig
289,Flach Ulrike
290,Flachsbarth Maria
291,Flisek Christian
292,Flosbach Klaus-Peter
293,Fograscher Gabriele
294,Franke Edgar
295,Frankenhauser Herbert
296,Freese Ulrich
297,Frei Thorsten
298,Freihold Brigitte
299,Freitag Dagmar
300,Freudenstein Astrid
301,Fricke Otto
302,Friedhoff Dietmar
303,Friedrich Hans-Peter
304,Friemann-Jennert Maika
305,Friesen Anton
306,Frieser Michael
307,Fritz Erich
308,Frohnmaier Markus
309,Frömming Götz
310,Fuchs Michael
311,Fuchtel Hans-Joachim
312,Funk Alexander
313,Funke Fabian
314,Funke-Kaiser Maximilian
315,Färber Hermann
316,Fäscher Ariane
317,Föhr Alexander
318,Föst Daniel
319,Gabelmann Sylvia
320,Gabriel Sigmar
321,Gambir Schahina
322,Gambke Thomas
323,Ganserer Tessa
324,Gassner-Herz Martin
325,Gastel Matthias
326,Gauland Alexander
327,Gauweiler Peter
328,Gava Manuel
329,Gebhart Thomas
330,Gehrcke Wolfgang
331,Gehring Kai
332,Gehrke Axel
333,Geis Norbert
334,Geisen Edmund
335,Geissler Jonas
336,Gelbhaar Stefan
337,Gerdes Michael
338,Gerhardt Wolfgang
339,Gerig Alois
340,Gerschau Knut
341,Gerster Martin
342,Gesenhues Jan-Niclas
343,Gienger Eberhard
344,Giousouf Cemile
345,Glaser Albrecht
346,Glaser Albrecht Heinz
347,Gleicke Iris
348,Glogowski-Merten Aniko
349,Glos Michael
350,Gloser Günter
351,Glöckner Angelika
352,Gminder Franziska
353,Gnauck Hannes
354,Gnodtke Eckhard
355,Gohl Christopher
356,Gohlke Nicole
357,Goldmann Hans-Michael
358,Golombeck Heinz
359,Golze Diana
360,Gottberg Wilhelm
361,Gottschalck Ulrike
362,Gottschalk Kay
363,Graf Angelika
364,Gramling Fabian
365,Granold Ute
366,Grau Armin
367,Gremmels Timon
368,Griese Kerstin
369,Griewel Fabian
370,Grindel Reinhard
371,Groden-Kranich Ursula
372,Groneberg Gabriele
373,Grosse-Brömer Michael
374,Grotelüschen Astrid
375,Groth Annette
376,Groß Michael
377,Grund Manfred
378,Grundl Erhard
379,Grundmann Oliver
380,Gruß Miriam
381,Gräßle Ingeborg
382,Gröhe Hermann
383,Gröhler Klaus-Dieter
384,Grötsch Uli
385,Grübel Markus
386,Gründer Nils
387,Grünke Julian
388,Grütters Monika
389,Grützmacher Sabine
390,Gundelach Herlind
391,Gunkel Wolfgang
392,Gutting Olav
393,Gysi Gregor
394,Gädechens Ingo
395,Gökhan Zeki
396,Göppel Josef
397,Göring-Eckardt Katrin
398,Görke Christian
399,Götz Peter
400,Götzer Wolfgang
401,Güler Serap
402,Günther Joachim
403,Güntzler Fritz
404,Gürpinar Ates
405,Haase Christian
406,Habeck Robert
407,Hacker Hans-Joachim
408,Hacker Thomas
409,Hagedorn Bettina
410,Hagemann Klaus
411,Hagl-Kehl Rita
412,Hahn Andre
413,Hahn Florian
414,Hajduk Anja
415,Hajek Rainer
416,Hakverdi Metin
417,Hampel Armin-Paulus
418,Hampel Ulrich
419,Hanke Reginald
420,Happach-Kasan Christel
421,Harbarth Stephan
422,Harder-Kühnel Mariana
423,Hardt Jürgen
424,Hartewig Philipp
425,Hartmann Michael
426,Hartmann Sebastian
427,Hartmann Verena
428,Hartwig Roland
429,Harzer Ulrike
430,Hasselfeldt Gerda
431,Hauer Matthias
432,Haug Jochen
433,Hauptmann Mark
434,Haustein Heinz-Peter
435,Haßelmann Britta
436,Hebner Martin
437,Heck Stefan
438,Heidenblut Dirk
439,Heider Matthias
440,Heiderich Helmut
441,Heidt Peter
442,Heil Hubertus
443,Heil Mechthild
444,Heiligenstadt Frauke
445,Heilmann Thomas
446,Hein Rosemarie
447,Heinen-Esser Ursula
448,Heinrich Frank
449,Heinrich Gabriela
450,Heitmann Linda
451,Held Marcus
452,Helferich Matthias
453,Helfrich Mark
454,Heller Uda
455,Helling-Plahr Katrin
456,Hellmich Wolfgang
457,Hellmuth Jörg
458,Hemmelgarn Udo
459,Hempelmann Rolf
460,Hendricks Barbara
461,Henke Rudolf
462,Henn Heidtrud
463,Henneberger Kathrin
464,Hennig Anke
465,Hennig-Wellsow Susanne
466,Hennrich Michael
467,Henrichmann Marc
468,Herbrand Markus
469,Herbst Torsten
470,Herdan Marion
471,Herdt Waldemar
472,Herlitzius Bettina
473,Herrmann Bernhard
474,Herrmann Lars
475,Herzog Gustav
476,Heselhaus Nadine
477,Hess Martin
478,Hessel Katja
479,Heubach Heike
480,Heveling Ansgar
481,Heßenkemper Heiko
482,Hierl Susanne
483,Hiller-Ohm Gabriele
484,Hilse Karsten
485,Hinsken Ernst
486,Hintze Peter
487,Hinz Petra
488,Hinz Priska
489,Hirte Christian
490,Hirte Heribert
491,Hitschler Thomas
492,Hochbaum Robert
493,Hocker Gero
494,Hoff Elke
495,Hoffmann Alexander
496,Hoffmann Bettina
497,Hoffmann Christoph
498,Hoffmann Thorsten
499,Hofmann Frank
500,Hofreiter Anton
501,Hohmann Angela
502,Hohmann Martin
503,Hollnagel Bruno
504,Holm Leif-Erik
505,Holmeier Karl
506,Holtz Ottmar
507,Holzenkamp Franz-Josef
508,Homburger Birgit
509,Hoppe Thilo
510,Hoppenstedt Hendrik
511,Hoppermann Franziska
512,Horb Margaret
513,Hornhues Bettina
514,Hostert Jasmina
515,Houben Reinhard
516,Huber Charles
517,Huber Johannes
518,Hubertz Verena
519,Humme Christel
520,Hunko Andrej
521,Hupach Sigrid
522,Huy Gerrit
523,Hänsel Heike
524,Höchst Nicole
525,Höferlin Manuel
526,Höger Inge
527,Högl Eva
528,Höhn Bärbel
529,Höhn Matthias
530,Höll Barbara
531,Hönel Bruno
532,Hönlinger Ingrid
533,Hörster Joachim
534,Höschel Mathias
535,Hübinger Anette
536,Hümpfer Markus
537,Hüppe Hubert
538,Ihnen Ulla
539,Ilgen Matthias
540,In der Olaf
541,Irlstorfer Erich
542,Irmer Hans-Jürgen
543,Jacobi Fabian
544,Janecek Dieter
545,Janich Steffen
546,Janssen Anne
547,Jantz Christina
548,Jantz-Herrmann Christina
549,Jarzombek Thomas
550,Jasper Dieter
551,Jelpke Ulla
552,Jensen Gyde
553,Jochimsen Lukrezia
554,Jongen Marc
555,Jost Reinhold
556,Jung Andreas
557,Jung Christian
558,Jung Franz
559,Jung Ingmar
560,Jung Xaver
561,Junge Frank
562,Juratovic Josip
563,Jurisch Ann-Veruschka
564,Jurk Thomas
565,Jäger Florian
566,Jörrißen Sylvia
567,Jüttner Egon
568,Kaczmarek Oliver
569,Kaddor Lamya
570,Kahrs Johannes
571,Kaiser Elisabeth
572,Kalb Bartholomäus
573,Kamann Uwe
574,Kammer Hans-Werner
575,Kamp Heiner
576,Kampeter Steffen
577,Kampmann Christina
578,Kanitz Steffen
579,Kappert-Gonther Kirsten
580,Kapschack Ralf
581,Karaahmetoglu Macit
582,Karawanskij Susanna
583,Karl Alois
584,Karliczek Anja
585,Kartes Torbjörn
586,Kasper Carlos
587,Kassautzki Anna
588,Kassner Kerstin
589,Kaster Bernhard
590,Kastner Susanne
591,Katzmarek Gabriele
592,Kauch Michael
593,Kauder Siegfried
594,Kauder Volker
595,Kaufmann Malte
596,Kaufmann Michael
597,Kaufmann Stefan
598,Kekeritz Uwe
599,Kelber Ulrich
600,Keller Rainer
601,Kellner Michael
602,Kemmer Ronja
603,Kemmerich Thomas
604,Kermer Marina
605,Kersten Franziska
606,Kessler Achim
607,Kestner Jens
608,Keul Katja
609,Keuter Stefan
610,Khan Misbah
611,Kickbusch Susanne
612,Kieckbusch Susanne
613,Kiesewetter Roderich
614,Kießling Michael
615,Kilic Memet
616,Kindler Sven-Christian
617,Kippels Georg
618,Kipping Katja
619,Kiziltepe Cansel
620,Klaeden Eckart
621,Klamt Ewa
622,Klare Arno
623,Kleebank Helmut
624,Klein Karsten
625,Klein Ottilie
626,Klein Volkmar
627,Klein-Schmeink Maria
628,Kleinwächter Norbert
629,Klimke Jürgen
630,Klinck Kristian
631,Klingbeil Lars
632,Klinge Marcel
633,Kloke Katharina
634,Klose Annika
635,Klose Hans-Ulrich
636,Kluckert Daniela
637,Klug Astrid
638,Klöckner Julia
639,Klüssendorf Tim
640,Knoerig Axel
641,Knopek Lutz
642,Kober Pascal
643,Koch Harald
644,Koczy Ute
645,Koenigs Tom
646,Koeppen Jens
647,Kofler Bärbel
648,Kolb Heinrich
649,Kolbe Daniela
650,Kolbe Manfred
651,Komning Enrico
652,Konrad Carina
653,Koob Markus
654,Kopf Chantal
655,Kopp Gudrun
656,Koppelin Jürgen
657,Korkmaz Elvan
658,Korkmaz-Emre Elvan
659,Korte Jan
660,Koschorrek Rolf
661,Koschyk Hartmut
662,Kossendey Thomas
663,Kotre Steffen
664,Kotting-Uhl Sylvia
665,Kovac Kordula
666,Koß Simona
667,Kraft Laura
668,Kraft Rainer
669,Kramme Anette
670,Krauß Alexander
671,Kreiser Dunja
672,Krellmann Jutta
673,Krestel Holger
674,Kretschmann Johannes
675,Kretschmer Michael
676,Kretz Jürgen
677,Krichbaum Gunther
678,Krings Günter
679,Krischer Oliver
680,Krumwiede Agnes
681,Krumwiede-Steiner Franziska
682,Kruse Michael
683,Kruse Rüdiger
684,Krämer Philip
685,Kröber Martin
686,Krüger Hans-Ulrich
687,Krüger-Leißner Angelika
688,Kuban Tilman
689,Kubicki Wolfgang
690,Kudla Bettina
691,Kues Hermann
692,Kuffer Michael
693,Kuhle Konstantin
694,Kuhn Fritz
695,Kulitz Alexander
696,Kumpf Ute
697,Kunert Katrin
698,Kurth Markus
699,Kurth Patrick
700,Kurth Undine
701,Köhler Lukas
702,Kömpel Birgit
703,König Anne
704,König Jörn
705,Körber Carsten
706,Körber Sebastian
707,Körper Fritz
708,Kühn Christian
709,Kühn Stephan
710,Kühn-Mengel Helga
711,Kühne Roy
712,Kühnert Kevin
713,Künast Renate
714,Lach Günter
715,Lagosky Uwe
716,Lahrkamp Sarah
717,Lambrecht Christine
718,Lambsdorff Alexander
719,Lamers Karl
720,Lammert Norbert
721,Landgraf Katharina
722,Lanfermann Heinz
723,Lang Ricarda
724,Lange Christian
725,Lange Ulrich
726,Lanzinger Barbara
727,Larem Andreas
728,Laschet Armin
729,Latendorf Ina
730,Launert Silke
731,Laurischk Sibylle
732,Lauterbach Karl
733,Lay Caren
734,Lazar Monika
735,Lechte Ulrich
736,Lehmann Jens
737,Lehmann Sven
738,Lehmann Sylvia
739,Lehmer Max
740,Lehrieder Paul
741,Leibrecht Harald
742,Leidig Sabine
743,Leikert Katja
744,Leiser Kevin
745,Lemke Steffi
746,Lemme Steffen-Claudio
747,Lenders Jürgen
748,Lengsfeld Philipp
749,Lenk Barbara
750,Lenkert Ralph
751,Lenz Andreas
752,Lerchenfeld Philipp
753,Leutert Michael
754,Leutheusser-Schnarrenberger Sabine
755,Leye Christian
756,Leyen Ursula
757,Lezius Antje
758,Licina-Bode Luiza
759,Lieb Thorsten
760,Liebert Anja
761,Liebich Stefan
762,Liebing Ingbert
763,Lietz Matthias
764,Limbacher Esra
765,Limburg Helge
766,Lindemann Lars
767,Lindh Helge
768,Lindholz Andrea
769,Lindner Christian
770,Lindner Martin
771,Lindner Tobias
772,Link Michael
773,Linnemann Carsten
774,Lips Patricia
775,Lischka Burkhard
776,Loop Denise
777,Loos Bernhard
778,Lorenz Wilfried
779,Lotter Erwin
780,Lotze Hiltrud
781,Lucassen Rüdiger
782,Lucks Max
783,Luczak Jan-Marco
784,Ludwig Daniela
785,Ludwig Saskia
786,Lugk Bettina
787,Luksic Oliver
788,Luther Michael
789,Lutze Thomas
790,Lämmel Andreas
791,Löbel Nikolas
792,Lösekrug-Möller Gabriele
793,Lötzer Ulla
794,Lötzsch Gesine
795,Lücking-Michel Claudia
796,Lühmann Kirsten
797,Lührmann Anna
798,Lütke Kristine
799,Maag Karin
800,Maas Heiko
801,Machalet Tanja
802,Mack Klaus
803,Mackensen Isabel
804,Mackensen-Geis Isabel
805,Magnitz Frank
806,Magwas Yvonne
807,Mahlberg Thomas
808,Maier Jens
809,Maier Lothar
810,Maisch Nicole
811,Maiziere Thomas
812,Malecha-Nissen Birgit
813,Malottki Erik
814,Malsack-Winkemann Birgit
815,Manderla Gisela
816,Mann Holger
817,Mannes Astrid
818,Mansmann Till
819,Mansoori Kaweh
820,Marks Caren
821,Marschall Matern
822,Martens Jürgen
823,Martens Zanda
824,Martin Dorothee
825,Marvi Parsa
826,Marwitz Hans-Georg
827,Mascheck Franziska
828,Mast Katja
829,Matschie Christoph
830,Mattfeldt Andreas
831,Mattheis Hilde
832,Maurer Ulrich
833,Mayer Stephan
834,Mayer Zoe
835,Mayer-Lay Volker
836,Mehltretter Andreas
837,Mehmet Takis
838,Meier Reiner
839,Meierhofer Horst
840,Meinhardt Patrick
841,Meiser Pascal
842,Meister Michael
843,Meiwald Peter
844,Mende Dirk-Ulrich
845,Menge Susanne
846,Menz Birgit
847,Menzner Dorothee
848,Merkel Angela
849,Merkel Petra
850,Merten Aniko
851,Merz Friedrich
852,Mesarosch Robin
853,Metzler Jan
854,Meyer Christoph
855,Meßmer Ullrich
856,Miazga Corinna
857,Michaelsen Swantje
858,Michalk Maria
859,Michel Kathrin
860,Michelbach Hans
861,Middelberg Mathias
862,Miersch Matthias
863,Mieruch Mario
864,Mieves Matthias
865,Mihalic Irene
866,Mijatovic Boris
867,Mindrup Klaus
868,Mittag Susanne
869,Mißfelder Philipp
870,Mohamed Amira
871,Mohrs Falko
872,Molitor Gabriele
873,Moll Claudia
874,Moncsek Mike
875,Monstadt Dietrich
876,Montag Jerzy
877,Moosdorf Matthias
878,Mordhorst Maximilian
879,Mortler Marlene
880,Mosblech Volker
881,Motschmann Elisabeth
882,Movassat Niema
883,Mrosek Andreas
884,Murmann Philipp
885,Mutlu Özcan
886,Möhring Cornelia
887,Möller Kornelia
888,Möller Siemtje
889,Möring Karsten
890,Mörseburg Maximilian
891,Mücke Jan
892,Müller Alexander
893,Müller Axel
894,Müller Bettina
895,Müller Carsten
896,Müller Claudia
897,Müller Detlef
898,Müller Florian
899,Müller Gerd
900,Müller Hansjörg
901,Müller Kerstin
902,Müller Michael
903,Müller Norbert
904,Müller Petra
905,Müller Sascha
906,Müller Sepp
907,Müller Stefan
908,Müller-Böhm Roman
909,Müller-Gemmeke Beate
910,Müller-Rosentritt Frank
911,Müller-Sönksen Burkhardt
912,Müntefering Franz
913,Müntefering Michelle
914,Münz Volker
915,Münzenmaier Sebastian
916,Mützenich Rolf
917,Nacke Stefan
918,Nahles Andrea
919,Nanni Sara
920,Nasr Rasha
921,Nastic Zaklin
922,Natterer Christian
923,Naujok Edgar
924,Neskovic Wolfgang
925,Nestle Ingrid
926,Neu Alexander
927,Neumann Bernd
928,Neumann Christoph
929,Neumann Martin
930,Nick Andreas
931,Nick Ophelia
932,Nickholz Brian
933,Nicolaisen Petra
934,Niebel Dirk
935,Nietan Dietmar
936,Nink Manfred
937,Nissen Ulli
938,Noll Michaela
939,Nolte Jan
940,Nord Thomas
941,Nordt Kristina
942,Notz Konstantin
943,Nouripour Omid
944,Nowak Helmut
945,Nölke Matthias
946,Nürnberger Jörg
947,Nüßlein Georg
948,Obermeier Franz
949,Obermeier Julia
950,Oehl Lennard
951,Oehme Ulrich
952,Oellers Wilfried
953,Oppelt Moritz
954,Oppermann Thomas
955,Ortel Holger
956,Ortleb Josephine
957,Ostendorff Friedrich
958,Oster Josef
959,Ostermann Tim
960,Oswald Eduard
961,Ott Hermann
962,Otte Henning
963,Otte Karoline
964,Otten Gerold
965,Otto Hans-Joachim
966,Oßner Florian
967,Pahlke Julian
968,Pahlmann Ingrid
969,Pantazis Christos
970,Pantel Sylvia
971,Papenbrock Wiebke
972,Papendieck Mathias
973,Paschke Markus
974,Pasemann Frank
975,Patzelt Martin
976,Pau Petra
977,Paul Michael
978,Paula Heinz
979,Paus Lisa
980,Pawelski Rita
981,Pawlik Natalie
982,Peick Jens
983,Pellmann Sören
984,Perli Victor
985,Peterka Tobias
986,Petermann Jens
987,Petry Christian
988,Petry Frauke
989,Petzold Harald
990,Petzold Ulrich
991,Pfeiffer Joachim
992,Pfeiffer Sibylle
993,Pflug Johannes
994,Pflugradt Jeannine
995,Pflüger Tobias
996,Philipp Beatrix
997,Philippi Andreas
998,Piechotta Paula
999,Pieper Cornelia
1000,Pilger Detlev
1001,Pilsinger Stephan
1002,Piltz Gisela
1003,Pitterle Richard
1004,Plobner Jan
1005,Ploetz Yvonne
1006,Ploß Christoph
1007,Plum Martin
1008,Podolay Paul
1009,Pofalla Ronald
1010,Pohl Jürgen
1011,Poland Christoph
1012,Polat Filiz
1013,Polenz Ruprecht
1014,Polheim Jörg
1015,Pols Eckhard
1016,Poschmann Sabine
1017,Post Achim
1018,Post Florian
1019,Pothmer Brigitte
1020,Poß Joachim
1021,Priesmeier Wilhelm
1022,Pronold Florian
1023,Protschka Stephan
1024,Pätzold Martin
1025,Raabe Sascha
1026,Raatz Simone
1027,Rabanus Martin
1028,Rachel Thomas
1029,Radomski Kerstin
1030,Radwan Alexander
1031,Raffelhüschen Claudia
1032,Rainer Alois
1033,Ramsauer Peter
1034,Ratjen-Damerau Christiane
1035,Rawert Mechthild
1036,Rebmann Stefan
1037,Redder Volker
1038,Rehbaum Henning
1039,Rehberg Eckhardt
1040,Reichardt Martin
1041,Reiche Katherina
1042,Reichel Markus
1043,Reichenbach Gerold
1044,Reichinnek Heidi
1045,Reimann Carola
1046,Reinalter Anja
1047,Reinemund Birgit
1048,Reinhold Hagen
1049,Remmers Ingrid
1050,Renner Martin
1051,Renner Martina
1052,Reusch Roman
1053,Reuther Bernd
1054,Rhie Ye-One
1055,Riebsamen Lothar
1056,Rief Josef
1057,Riegert Klaus
1058,Riesenhuber Heinz
1059,Riexinger Bernd
1060,Rimkus Andreas
1061,Rinck Frank
1062,Rinkert Daniel
1063,Ripsam Iris
1064,Rix Sönke
1065,Rode-Bosse Petra
1066,Rohde Dennis
1067,Rohwer Lars
1068,Roloff Sebastian
1069,Rosemann Martin
1070,Rosenthal Jessica
1071,Rossmann Ernst
1072,Roth Claudia
1073,Roth Karin
1074,Roth Michael
1075,Rothfuß Rainer
1076,Rottmann Manuela
1077,Rouenhoff Stefan
1078,Ruck Christian
1079,Rudolph Thorsten
1080,Rudolph Tina
1081,Ruf Nadine
1082,Ruppert Stefan
1083,Rupprecht Albert
1084,Rupprecht Marlene
1085,Ryglewski Sarah
1086,Röhlinger Peter
1087,Röring Johannes
1088,Rösel Kathrin
1089,Röspel Rene
1090,Röttgen Norbert
1091,Röwekamp Thomas
1092,Rößner Tabea
1093,Rüddel Erwin
1094,Rüffer Corinna
1095,Rüthrich Susann
1096,Rützel Bernd
1097,Saathoff Johann
1098,Sacher Michael
1099,Sager Krista
1100,Saleh Kassem
1101,Santos Catarina
1102,Santos-Wintz Catarina
1103,Sarrazin Manuel
1104,Sattelberger Thomas
1105,Sauer Stefan
1106,Sauter Christian
1107,Sawade Annette
1108,Schaaf Anton
1109,Schabedoth Hans-Joachim
1110,Schamber Rebecca
1111,Schanbacher Lucia
1112,Scharfenberg Elisabeth
1113,Schattner Bernd
1114,Schauws Ulle
1115,Schavan Annette
1116,Scheelen Bernd
1117,Scheer Nina
1118,Schenderlein Christiane
1119,Scheuer Andreas
1120,Schick Gerhard
1121,Schieder Marianne
1122,Schieder Werner
1123,Schiefner Udo
1124,Schielke-Ziesing Ulrike
1125,Schierenbeck Peggy
1126,Schiewerling Karl
1127,Schiller Manfred
1128,Schimke Jana
1129,Schindler Norbert
1130,Schinnenburg Wieland
1131,Schipanski Tankred
1132,Schirmbeck Georg
1133,Schisanowski Timo
1134,Schlecht Michael
1135,Schlegel Dorothee
1136,Schlund Robby
1137,Schmelzle Heiko
1138,Schmid Christoph
1139,Schmid Nils
1140,Schmidt Christian
1141,Schmidt Dagmar
1142,Schmidt Eugen
1143,Schmidt Frithjof
1144,Schmidt Gabriele
1145,Schmidt Jan
1146,Schmidt Matthias
1147,Schmidt Silvia
1148,Schmidt Stefan
1149,Schmidt Ulla
1150,Schmidt Uwe
1151,Schmidtke Claudia
1152,Schmitt Ronja
1153,Schneider Carsten
1154,Schneider Daniel
1155,Schneider Jörg
1156,Schneider Ulrich
1157,Schneidewind-Hartnagel Charlotte
1158,Schnieder Patrick
1159,Schnurr Christoph
1160,Scho-Antwerpes Elfi
1161,Schockenhoff Andreas
1162,Scholz Olaf
1163,Schraps Johannes
1164,Schreiber Eva-Maria
1165,Schreider Christian
1166,Schreiner Felix
1167,Schreiner Ottmar
1168,Schrodi Michael
1169,Schröder Christina-Johanne
1170,Schröder Kristina
1171,Schröder Ole
1172,Schröder Ria
1173,Schulte Ursula
1174,Schulte-Drüggelte Bernhard
1175,Schulz Anja
1176,Schulz Jimmy
1177,Schulz Martin
1178,Schulz Swen
1179,Schulz Uwe
1180,Schulz-Asche Kordula
1181,Schulze Klaus-Peter
1182,Schulze Svenja
1183,Schummer Uwe
1184,Schurer Ewald
1185,Schuster (Weil am Armin
1186,Schuster Marina
1187,Schwabe Frank
1188,Schwanholz Martin
1189,Schwanitz Rolf
1190,Schwartze Stefan
1191,Schwarz Andreas
1192,Schwarz Armin
1193,Schwarzelühr-Sutter Rita
1194,Schwarzer Christina
1195,Schweickert Erik
1196,Schweiger Torsten
1197,Schäfer Anita
1198,Schäfer Axel
1199,Schäfer Ingo
1200,Schäfer Jamila
1201,Schäfer Paul
1202,Schäfer Sebastian
1203,Schäffler Frank
1204,Schätzl Johannes
1205,Schäuble Wolfgang
1206,Schön  (St. Nadine
1207,Schön (St. Nadine
1208,Schön Nadine
1209,Schönberger Marlene
1210,Schüle Manja
1211,Seestern-Pauly Matthias
1212,Seidler Stefan
1213,Seif Detlef
1214,Seifert Ilja
1215,Seiter Stephan
1216,Seitz Thomas
1217,Seitzl Lina
1218,Sekmen Melis
1219,Selle Johannes
1220,Semet Rainer
1221,Sendker Reinhold
1222,Senger-Schäfer Kathrin
1223,Sensburg Patrick
1224,Sharma Raju
1225,Sichert Martin
1226,Siebert Bernd
1227,Sieling Carsten
1228,Silberhorn Thomas
1229,Simmling Werner
1230,Simon Björn
1231,Singhammer Johannes
1232,Sitta Frank
1233,Sitte Petra
1234,Skudelny Judith
1235,Slawik Nyke
1236,Solms Hermann
1237,Sommer Helin
1238,Sorge Tino
1239,Spahn Jens
1240,Spallek Anne
1241,Spangenberg Detlev
1242,Spaniel Dirk
1243,Spatz Joachim
1244,Spellerberg Merle
1245,Spiering Rainer
1246,Spinrath Norbert
1247,Springer Rene
1248,Stadler Max
1249,Stadler Svenja
1250,Staffeldt Torsten
1251,Staffler Katrin
1252,Stahr Nina
1253,Stamm-Fibich Martina
1254,Stark-Watzinger Bettina
1255,Stauche Carola
1256,Steffel Frank
1257,Steffen Sonja
1258,Steffen Till
1259,Stefinger Wolfgang
1260,Stegemann Albert
1261,Stegner Ralf
1262,Steier Andreas
1263,Stein Mathias
1264,Stein Peter
1265,Steinbach Erika
1266,Steinbrück Peer
1267,Steineke Sebastian
1268,Steiner Dorothea
1269,Steiniger Johannes
1270,Steinke Kersten
1271,Steinmeier Frank-Walter
1272,Steinmüller Hanna
1273,Stetten Christian
1274,Sthamer Nadja
1275,Stier Dieter
1276,Stinner Rainer
1277,Stockhofe Rita
1278,Stockmeier Konrad
1279,Storch Beatrix
1280,Storjohann Gero
1281,Strack-Zimmermann Marie-Agnes
1282,Stracke Stephan
1283,Straetmanns Friedrich
1284,Strasser Benjamin
1285,Straubinger Max
1286,Strebl Matthäus
1287,Strengmann-Kuhn Wolfgang
1288,Strenz Karin
1289,Stritzl Thomas
1290,Strobl Thomas
1291,Strothmann Lena
1292,Strässer Christoph
1293,Ströbele Hans-Christian
1294,Stumpp Christina
1295,Stumpp Margit
1296,Stöber Klaus
1297,Stöcker Diana
1298,Stüber Sabine
1299,Stübgen Michael
1300,Stüwe Ruppert
1301,Suding Katja
1302,Sänger Björn
1303,Sütterlin-Waack Sabine
1304,Süßmair Alexander
1305,Tack Kerstin
1306,Tackmann Kirsten
1307,Taher Kassem
1308,Tank Azize
1309,Tatti Jessica
1310,Tauber Peter
1311,Tausend Claudia
1312,Tebroke Hermann-Josef
1313,Tempel Frank
1314,Terpe Harald
1315,Tesfaiesus Awet
1316,Teuteberg Linda
1317,Teutrine Jens
1318,Theurer Michael
1319,Thews Michael
1320,Thierse Wolfgang
1321,Thies Hans-Jürgen
1322,Thissen Karin
1323,Thomae Stephan
1324,Throm Alexander
1325,Thönnes Franz
1326,Tiefensee Wolfgang
1327,Tiemann Dietlind
1328,Tillmann Antje
1329,Timmermann-Fechter Astrid
1330,Tippelt Nico
1331,Todtenhausen Manfred
1332,Toncar Florian
1333,Trasnea Ana-Maria
1334,Tressel Markus
1335,Trittin Jürgen
1336,Troff-Schaffarzyk Anja
1337,Troost Axel
1338,Träger Carsten
1339,Töns Markus
1340,Tören Serkan
1341,Türk-Nachbaur Derya
1342,Uhl Hans-Peter
1343,Uhl Markus
1344,Uhlig Katrin
1345,Ullmann Andrew
1346,Ullrich Frank
1347,Ullrich Gerald
1348,Ullrich Volker
1349,Ulrich Alexander
1350,Vaatz Arnold
1351,Veit Rüdiger
1352,Veith Oswin
1353,Verlinden Julia
1354,Vieregge Kerstin
1355,Viesehon Thomas
1356,Vietz Michael
1357,Vogel Johannes
1358,Vogel Volkmar
1359,Vogelsang Stefanie
1360,Vogler Kathrin
1361,Vogt Oliver
1362,Vogt Ute
1363,Volk Daniel
1364,Volkmer Marlies
1365,Volmering Sven
1366,Vontz Emily
1367,Voß Johanna
1368,Voßbeck-Kayser Christel
1369,Voßhoff Andrea
1370,Vries Christoph
1371,Vries Kees
1372,Völlers Marja-Liisa
1373,Vöpel Dirk
1374,Wadephul Johann
1375,Wagener Niklas
1376,Wagener Robin
1377,Wagenknecht Sahra
1378,Wagner Andreas
1379,Wagner Arfst
1380,Wagner Carolin
1381,Wagner Daniela
1382,Wagner Doris
1383,Wagner Johannes
1384,Wagner Tim
1385,Wallstein Maja
1386,Walter Hannes
1387,Walter-Rosenheimer Beate
1388,Wanderwitz Marco
1389,Wange Karl-Heinz
1390,Warken Nina
1391,Wawzyniak Halina
1392,Weber Gabi
1393,Weeser Sandra
1394,Wegge Carmen
1395,Wegling Melanie
1396,Wegner Kai
1397,Weidel Alice
1398,Weiler Albert
1399,Weinberg Harald
1400,Weinberg Marcus
1401,Weingarten Joe
1402,Weisgerber Anja
1403,Weishaupt Saskia
1404,Weiss (Wesel Sabine
1405,Weiss Maria-Lena
1406,Weiß Peter
1407,Wellenreuther Ingo
1408,Wellmann Karl-Georg
1409,Wendt Marian
1410,Wenzel Stefan
1411,Werner Katrin
1412,Werner Lena
1413,Westermayer Waldemar
1414,Westerwelle Guido
1415,Westig Nicole
1416,Westphal Bernd
1417,Wetterich Susanne
1418,Wetzel Wolfgang
1419,Weyel Harald
1420,Whittaker Kai
1421,Wichtel Peter
1422,Wicklein Andrea
1423,Widmann-Mauz Annette
1424,Wieczorek-Zeul Heidemarie
1425,Wiefelspütz Dieter
1426,Wiehle Wolfgang
1427,Wieland Wolfgang
1428,Wiener Klaus
1429,Wiese Dirk
1430,Wiese Heinz
1431,Wiesmann Bettina
1432,Wildberg Heiko
1433,Willkomm Katharina
1434,Willsch Klaus-Peter
1435,Wilms Valerie
1436,Winkelmeier-Becker Elisabeth
1437,Winkler Josef
1438,Winkler Tobias
1439,Winklmann Tina
1440,Winterstein Claudia
1441,Wirth Christian
1442,Wissing Volker
1443,Wissler Janine
1444,Witt Uwe
1445,Wittke Oliver
1446,Wittmann Mechthilde
1447,Wolff Hartfrid
1448,Wolff Waltraud
1449,Wollmann Herbert
1450,Woltmann Barbara
1451,Wulf Mareike
1452,Wunderlich Jörn
1453,Wundrak Joachim
1454,Wöhrl Dagmar
1455,Wöllert Birgit
1456,Yüksel Gülistan
1457,Zapf Uta
1458,Zdebel Hubertus
1459,Zech Tobias
1460,Zertik Heinrich
1461,Zeulner Emmi
1462,Zickenheiner Gerhard
1463,Ziegler Dagmar
1464,Ziegler Kay-Uwe
1465,Ziemiak Paul
1466,Zierke Stefan
1467,Zimmer Matthias
1468,Zimmermann Jens
1469,Zimmermann Pia
1470,Zimmermann Sabine
1471,Zippelius Nicolas
1472,Zollner Gudrun
1473,Zorn Armand
1474,Zschau Katrin
1475,Zylajew Willi
1476,Zypries Brigitte
1477,Zöller Wolfgang
1478,Zöllmer Manfred
1479,Özdemir Cem
1480,Özdemir Mahmut
1481,Özoguz Aydan
